trial_number,state,router_hidden_dim,valor_hidden_dim,expert_hidden_dim,lr,weight_decay,completed_seeds,mean_val_auuc,std_val_auuc,seed10_best_epoch,seed10_val_loss,seed10_val_auuc,seed11_best_epoch,seed11_val_loss,seed11_val_auuc,seed12_best_epoch,seed12_val_loss,seed12_val_auuc
0,COMPLETE,64,64,128,0.001,0.0,3,0.034301,0.000806,6,0.015012,0.034818,2,0.015059,0.034923,1.0,0.015069,0.033163
1,COMPLETE,128,256,256,0.0003,1e-06,3,0.035505,0.000695,5,0.015018,0.035208,3,0.015092,0.034842,3.0,0.015073,0.036465
2,COMPLETE,32,128,256,0.001,1e-06,3,0.035537,0.000319,6,0.015008,0.035333,3,0.015074,0.035289,17.0,0.014993,0.035988
3,COMPLETE,32,256,128,0.0003,0.0001,3,0.027367,0.003781,2,0.01523,0.031254,2,0.015243,0.028604,1.0,0.015323,0.022244
4,COMPLETE,128,256,128,0.0001,1e-06,3,0.035007,0.00035,4,0.015058,0.034543,10,0.015023,0.03539,7.0,0.015032,0.035089
5,COMPLETE,64,256,64,0.001,1e-06,3,0.035018,0.000349,4,0.015033,0.034996,3,0.015049,0.035456,3.0,0.015053,0.034602
6,COMPLETE,128,128,64,0.001,0.0001,3,0.028432,0.002595,10,0.015236,0.028323,3,0.015277,0.025309,1.0,0.015276,0.031663
7,COMPLETE,128,256,128,0.0003,1e-06,3,0.03481,0.000471,6,0.015017,0.034737,2,0.015095,0.034273,10.0,0.015001,0.035419
8,PRUNED,64,256,128,0.0001,0.0001,2,0.030538,0.000276,3,0.015227,0.030814,3,0.015251,0.030262,,,
9,PRUNED,128,128,128,0.001,0.0,2,0.034655,0.000724,6,0.015005,0.033931,3,0.015031,0.035379,,,
10,COMPLETE,32,128,256,0.001,1e-06,3,0.035537,0.000319,6,0.015008,0.035333,3,0.015074,0.035289,17.0,0.014993,0.035988
11,COMPLETE,32,128,256,0.001,1e-06,3,0.035537,0.000319,6,0.015008,0.035333,3,0.015074,0.035289,17.0,0.014993,0.035988
12,COMPLETE,32,128,256,0.001,1e-06,3,0.035537,0.000319,6,0.015008,0.035333,3,0.015074,0.035289,17.0,0.014993,0.035988
13,COMPLETE,32,128,256,0.001,1e-06,3,0.035537,0.000319,6,0.015008,0.035333,3,0.015074,0.035289,17.0,0.014993,0.035988
14,COMPLETE,32,64,256,0.001,1e-06,3,0.035384,0.000268,1,0.015132,0.035352,3,0.015041,0.035727,10.0,0.015,0.035073
15,PRUNED,32,128,256,0.0001,0.0,2,0.034578,3.1e-05,4,0.015031,0.034609,3,0.015078,0.034547,,,
16,COMPLETE,32,128,256,0.001,1e-06,3,0.035537,0.000319,6,0.015008,0.035333,3,0.015074,0.035289,17.0,0.014993,0.035988
